name,comment,price,src,是否买流量,,分组
 钝感力（渡边淳一经典励志大作！央视新闻、《奇葩说》鼎力推荐，马东、蔡康永、杨天真、王俊凯推荐书目。写给易因小事敏感，什么,0,16,//img3m9.ddimg.cn/23/12/25201859-1_b_1698985798.jpg,FALSE,1,0
 高效学习记忆法（世界记忆大师卢菲菲写给你的学习记忆指南，让你成为学霸，逆袭职场！李小萌、剽悍一只猫、廖恒倾情推荐）,0,29.9,//img3m1.ddimg.cn/77/13/29666021-1_b_1702796031.jpg,FALSE,1,0
 这世界很好，但你也不差（打破满意度低幸福感差，这世界真叫人疲倦的死循环。万特特全新作品，《这世界很烦，但你要很可爱》姊妹,0,22,//img3m6.ddimg.cn/90/34/29272806-1_b_48.jpg,FALSE,1,0
 向上生长（九边作品。让选择变得精准，让机遇不再错失。 悉数解决人生困惑问题，实现向上生长。）,0,22.5,//img3m4.ddimg.cn/32/3/28544504-1_b_17.jpg,FALSE,1,0
 博弈论：最高级思维和生存策略,0,16.6,//img3m9.ddimg.cn/57/16/26445729-1_b_5.jpg,FALSE,1,0
 富有的习惯,0,22.5,//img3m6.ddimg.cn/92/9/25268456-1_b_4.jpg,FALSE,1,0
 世界上最伟大的推销员（新版）（风靡当今西方世界的商业圣经 营销大师无往而不胜的智慧之源） 销量破千万 唯一授权完整版,0,19,//img3m4.ddimg.cn/65/28/27849854-1_b_9.jpg,FALSE,1,0
 微习惯: 简单到不可能失败的自我管理法则,0,19,//img3m6.ddimg.cn/21/27/24034746-1_b_17.jpg,FALSE,1,0
 不丧 亚马逊图书畅销榜榜首！一本让你从谷底翻身的7大强效步骤 ，帮助我们走出失业、失恋、焦虑绝望的泥潭！,0,24.9,//img3m1.ddimg.cn/31/0/29547571-1_b_1705388773.jpg,FALSE,1,0
 钱氏家训新解,0,13.5,//img3m0.ddimg.cn/43/9/23561350-1_b_5.jpg,FALSE,1,0
 认知觉醒+认知驱动 周岭力作 （当当网套装共2册）,1,59.8,//img3m2.ddimg.cn/5/0/29390432-1_b_1.jpg,FALSE,1,0
 醒脑之书（老杨的猫头鹰醒脑之书系列畅销200万册纪念作品，不负责疼爱你，只想要唤醒你）,2,26.1,//img3m2.ddimg.cn/34/36/28491442-1_b_20.jpg,FALSE,1,0
 思考致富（拿破仑.希尔基金会授权版本，与卡耐基《人性的弱点》齐名）,2,15.3,//img3m1.ddimg.cn/49/21/25178521-1_b_5.jpg,FALSE,1,0
 潜意识的力量:（影响人类进步的自励经典“墨菲信托”授权修订版）,7,16,//img3m7.ddimg.cn/58/16/25229317-1_b_25.jpg,FALSE,1,0
 奇特的一生（认真对待时间的人，才不会被时间辜负。时间统计法开创者柳比歇夫的传奇一生，激励无数人重启人生的传世经典）,17,19.9,//img3m8.ddimg.cn/90/8/29660688-1_b_1702981594.jpg,FALSE,1,0
 每天演好一个情绪稳定的成年人,34,22.5,//img3m3.ddimg.cn/84/36/27879573-1_b_10.jpg,FALSE,1,0
 1000个铁粉：打造个人品牌的底层逻辑,43,29.9,//img3m4.ddimg.cn/13/8/29383114-1_b_7.jpg,FALSE,1,0
 你的善良必须有点锋芒,90,16.4,//img3m5.ddimg.cn/8/24/24015725-1_b_25.jpg,FALSE,1,0
 起床后的黄金1小时（风靡日本的1小时习惯改造法，助你成为自律、精进、高效的人。想过什么样的人生，就过什么样的早晨！）,111,27.5,//img3m9.ddimg.cn/64/33/29199619-1_b_1694161589.jpg,FALSE,1,0
 世间大雨滂沱，你要藏好软弱（专享版）：总有一种力量让我们勇敢前行,111,12.2,//img3m6.ddimg.cn/77/30/29641766-1_b_1698380650.jpg,FALSE,1,0
 力量（2021修订版，畅销书《The Secret秘密》作者朗达・拜恩力作！实用的“吸引力法则”运用秘籍）,139,34,//img3m3.ddimg.cn/62/31/29206943-1_b_4.jpg,FALSE,1,0
 我决定给自己一点时间（亚洲高人气作家“鸭子小姐”引进治愈作品，被韩国YES24书店读者评选为2020年“今年的书”第1名,140,24.5,//img3m9.ddimg.cn/25/24/29402629-1_b_1694055608.jpg,FALSE,1,0
 潜意识的力量(全2册）知名潜意识导师约瑟夫・墨菲详解潜意识,145,32,//img3m8.ddimg.cn/26/18/28481138-1_b_11.jpg,FALSE,1,0
 意林青年励志馆22--有目标的人在奔跑，没目标的人在流浪,162,14.9,//img3m3.ddimg.cn/49/16/25210003-1_b_3.jpg,FALSE,1,0
 意林青年励志馆21--今天所有的努力，都为了拒绝不喜欢的人生,168,14.9,//img3m7.ddimg.cn/94/31/25212127-1_b_3.jpg,FALSE,1,0
 时间管理（“简单有趣的个人管理”书系全系列累计销量近百万，随书附赠：全球高效能人士求购的“推荐阅读”书单）,202,24,//img3m9.ddimg.cn/44/26/29251079-1_b_7.jpg,FALSE,1,0
 下班后开始新的一天（不加班，也不虚度，活出双倍人生的夜晚时间管理术！）,218,24.9,//img3m5.ddimg.cn/3/33/29437455-1_b_6.jpg,FALSE,1,0
 爆款文案,223,18.9,//img3m7.ddimg.cn/40/25/25175047-1_b_1691482270.jpg,FALSE,1,0
 钝感力三部曲（渡边淳一经典励志大作套系！钝感、柔韧、幸福三重奏，央视新闻、《奇葩说》鼎力推荐，马东、蔡康永、杨天真推荐书,240,55,//img3m5.ddimg.cn/81/20/29568015-1_b_6.jpg,FALSE,1,0
 战略思维 吴大有编著 改变思维 转化战略 看清未来 把握机会 提升自己的洞察力 解读8种战略之道 心理学与脑力思维书系,264,9.8,//img3m1.ddimg.cn/7/7/29662981-1_b_1702021085.jpg,FALSE,1,0
 屏蔽力,271,29.9,//img3m2.ddimg.cn/25/1/29644882-1_b_1704269979.jpg,FALSE,1,0
 羊皮卷大全集（畅销珍藏本）,310,13.6,//img3m6.ddimg.cn/73/1/21000646-1_b_6.jpg,FALSE,1,0
 好看的皮囊千篇一律，有趣的灵魂万里挑一（老杨的猫头鹰最新作品“醒脑之书”系列之三）,314,17.9,//img3m1.ddimg.cn/88/17/25180441-1_b_19.jpg,FALSE,1,0
 专注的惊人力量：轻松突破人生困境，心灵励志大师希克斯夫妇笃行30年，深度阐释吸引力法则,343,11.9,//img3m7.ddimg.cn/36/22/23743107-1_b_1.jpg,FALSE,1,0
 反时间管理,346,39.5,//img3m0.ddimg.cn/49/34/29599960-1_b_1700639277.jpg,FALSE,1,0
 少有人走的路(全4册) 全新整理版,418,75,//img3m7.ddimg.cn/66/28/25186557-1_b_16.jpg,FALSE,1,0
 复盘成长 每天进步1％的PDCA工作术,425,12.8,//img3m3.ddimg.cn/98/1/29158073-1_b_8.jpg,FALSE,1,0
 吸引力法则：新版（为自己的生命吸引健康、财富和幸福...美好事物。),426,14,//img3m8.ddimg.cn/51/2/23685108-1_b_19.jpg,FALSE,1,0
 向上认知（提升你的认知高度，提升你的人生上限。）,443,26,//img3m1.ddimg.cn/31/14/29566381-1_b_2.jpg,FALSE,1,0
 世间大雨滂沱，你要藏好软弱,451,17.1,//img3m6.ddimg.cn/18/35/29356686-1_b_1688024161.jpg,FALSE,1,0
 慢慢变富：让人生更富有的金钱与工作法则（松浦弥太郎写给普通人的致富圣经）,451,26,//img3m0.ddimg.cn/98/33/29244500-1_b_13.jpg,FALSE,1,0
 优秀的人，都有一段孤独时光,452,24.9,//img3m0.ddimg.cn/3/8/29430030-1_b_10.jpg,FALSE,1,0
 无界成长（一站到底冠军谢胜子讲述成功经验，学霸留学生金融成功人士的成长记录励志书籍）贝页图书,482,24,//img3m7.ddimg.cn/81/18/28549107-1_b_12.jpg,FALSE,1,0
 精进：如何成为一个很厉害的人（全新修订精装版）,566,26.4,//img3m0.ddimg.cn/50/1/27864590-1_b_8.jpg,FALSE,1,0
 鬼谷子+墨菲定律+人性的弱点+狼道+羊皮卷全套 受益一生的5本书正版书籍 为人处世书籍 畅销书 狼图腾,578,30.8,//img3m3.ddimg.cn/96/15/27880773-1_b_2.jpg,FALSE,1,0
 硅谷禁书,589,14.9,//img3m2.ddimg.cn/65/9/9335072-1_b_18.jpg,FALSE,1,0
 新东方 我的2022,615,44,//img3m2.ddimg.cn/37/3/29590642-1_b_2.jpg,FALSE,1,0
 唤醒心中的巨人:(哈佛商学院院长、《高效能人士的七个习惯》作者、《一分钟经理》作者联袂推荐),667,22.5,//img3m5.ddimg.cn/77/12/23647415-1_b_24.jpg,FALSE,1,0
 过了二十岁，要有瘦一辈子的本事（30位畅销书作者原创作品集，颠覆万千人生活态度的人生整理书，助身材走形、心肠软弱的人重新,705,19.2,//img3m1.ddimg.cn/4/22/27906421-1_b_3.jpg,FALSE,1,0
 一年顶十年（剽悍一只猫重磅作品！）,739,24,//img3m3.ddimg.cn/86/10/28523273-1_b_11.jpg,FALSE,1,0
 不如去闯（耶鲁哈佛学长李柘远LEO给你的人生学习规划攻略，先有《不如去闯》，再有《学习高手》。人生规划比学习方法更重要更,752,29.9,//img3m6.ddimg.cn/72/27/29484846-1_b_23.jpg,FALSE,1,0
 最怕你一生碌碌无为，还安慰自己平凡可贵,800,17.1,//img3m4.ddimg.cn/7/34/24022654-1_b_12.jpg,FALSE,1,0
 4点起床:最养生和高效的时间管理,821,17.4,//img3m1.ddimg.cn/44/10/22499081-1_b_4.jpg,FALSE,1,0
 早起的奇迹（全新升级版） 特别附赠定制奇迹贴！已被译成37种语言， 畅销90多国，《富爸爸穷爸爸》作者枕边，早起俱乐部书,849,29.9,//img3m3.ddimg.cn/14/4/29495183-1_b_1698804585.jpg,FALSE,1,0
 翻越你的山：从自我破坏到自我掌控,873,29.5,//img3m6.ddimg.cn/85/7/29606926-1_b_1691459448.jpg,FALSE,1,0
 成长的边界 超专业化时代为什么通才能成功 成长不设界，未来才可期 比尔・盖茨推荐 跨界是为了更好地终身成长！,957,30,//img3m6.ddimg.cn/43/3/29222566-1_b_1693896099.jpg,FALSE,1,0
 番茄工作法图解：简单易行的时间管理方法（50万册纪念版）,1021,29.9,//img3m1.ddimg.cn/13/0/29567551-1_b_3.jpg,FALSE,1,0
 不累：超简单的精力管理课,1047,26.9,//img3m7.ddimg.cn/82/3/29668897-1_b_1703055703.jpg,FALSE,1,0
 如何有效阅读一本书 零基础从阅读到输出，会读才会写，一本书让你成为阅读达人，写作高手,1100,22.4,//img3m3.ddimg.cn/43/22/29513923-1_b_12.jpg,FALSE,1,0
 做一个内核稳定的成年人（每个厉害的人，都有个笃定的核！内核稳了，人生就顺了）,1181,22,//img3m1.ddimg.cn/57/29/29588781-1_b_3.jpg,FALSE,1,0
 人生不必太用力（《当下的力量》续作，刘亦菲献声朗读）,1196,20.2,//img3m3.ddimg.cn/91/9/29287063-1_b_1691483403.jpg,FALSE,1,0
 遇见心想事成的自己：全新修订版,1301,26,//img3m8.ddimg.cn/90/18/28491498-1_b_4.jpg,FALSE,1,0
 成事的时间管理（粥左罗全新力作，一年时间足以改变一生）,1311,34.9,//img3m1.ddimg.cn/42/12/29489271-1_b_12.jpg,FALSE,1,0
 你要活成一束光,1315,19,//img3m0.ddimg.cn/92/26/27892550-1_b_4.jpg,FALSE,1,0
 致加西亚的信（完整全译本）,1351,10.2,//img3m5.ddimg.cn/61/12/23901235-1_b_13.jpg,FALSE,1,0
 秀出你的工作：打造个人品牌的10堂创意课,1420,29.5,//img3m2.ddimg.cn/72/26/29598102-1_b_1689841639.jpg,FALSE,1,0
 世界上最神奇的24堂课,1512,13.4,//img3m9.ddimg.cn/74/13/29410499-1_b_6.jpg,TRUE,0,0
 细节决定成败,1543,19,//img3m6.ddimg.cn/1/31/29624266-1_b_1694164903.jpg,TRUE,0,0
 钝感力两部曲（渡边淳一经典励志大作及进阶篇！央视新闻、《奇葩说》鼎力推荐，马东、李思思、蔡康永、杨天真、王俊凯推荐书目。,1584,35.5,//img3m8.ddimg.cn/28/16/29439658-1_b_8.jpg,TRUE,0,0
 活出全新的自己：全新修订版,1589,26,//img3m9.ddimg.cn/91/19/28491499-1_b_3.jpg,TRUE,0,0
 眼界决定你的高度:任正非给创业者的人生智慧课,1683,22.5,//img3m2.ddimg.cn/93/7/28498332-1_b_3.jpg,TRUE,0,0
 好习惯修炼手册：一看就会，一做就对的50条魔法行动指南,1814,26.5,//img3m2.ddimg.cn/6/25/29423202-1_b_3.jpg,TRUE,0,0
 总会过去 总会到来（未来这种东西，信才有，做才有，熬才有。王潇2022重磅新作，助你踏上信念之旅，少走人生弯路）,1818,26,//img3m5.ddimg.cn/85/2/29451595-1_b_12.jpg,TRUE,0,0
 做事的逻辑:如何持续做正确的事,1873,17.1,//img3m8.ddimg.cn/59/19/26922218-1_b_16.jpg,TRUE,0,0
 破圈（罗振宇、冯仑、徐小平、王强联袂推荐）,1944,28,//img3m3.ddimg.cn/80/35/29312693-1_b_9.jpg,TRUE,0,0
 把信送给加西亚（精装插图版）（团购，请致电010-57993380）,1966,14.3,//img3m3.ddimg.cn/64/4/23839363-1_b_1691578084.jpg,TRUE,0,0
 钝感力两部曲2（渡边淳一经典励志大作及姊妹篇！央视新闻、《奇葩说》鼎力推荐，马东、李思思、蔡康永、杨天真、王俊凯推荐书目,1969,35.5,//img3m8.ddimg.cn/74/13/29568008-1_b_7.jpg,TRUE,0,0
 少有人走的路4：在焦虑的年代获得精神的成长,1999,18,//img3m2.ddimg.cn/33/35/29139792-1_b_11.jpg,TRUE,0,0
 人生效率手册：重塑升级版,2023,22.5,//img3m0.ddimg.cn/0/5/27858600-1_b_3.jpg,TRUE,0,0
 老杨的猫头鹰醒脑之书套装5册：热爱可抵岁月漫长+有趣的灵魂万里挑一+最怕你一生碌碌无为+脱贫比脱单更重要+常与同好争高下,2030,91,//img3m8.ddimg.cn/12/33/28552008-1_b_7.jpg,TRUE,0,0
 小成功靠自己，大成功靠团队――陈婉芬行销密码,2030,16,//img3m7.ddimg.cn/95/7/22853057-1_b_1.jpg,TRUE,0,0
 你不普通（千万级美妆大V张凯毅给所有女生的成长与迭代公式！6大思维模块，88个实战方法，戳穿“总觉得自己不够好”的人生假,2100,34,//img3m1.ddimg.cn/0/33/29460321-1_b_1700798284.jpg,TRUE,0,0
 如何有效阅读一本书:超实用笔记读书法,2170,18,//img3m1.ddimg.cn/40/25/23958931-1_b_28.jpg,TRUE,0,0
 全5册厚黑学全集人性的弱点鬼谷子墨菲定律羊皮卷正版书卡耐基李宗吾原著 情商影响人一生的心理学成功法则,2212,33.9,//img3m3.ddimg.cn/42/26/29669253-1_b_1703145825.jpg,TRUE,0,0
 我命由我不由天,2217,26,//img3m2.ddimg.cn/86/4/28986692-1_b_4.jpg,TRUE,0,0
 当你又忙又美，何惧患得患失（不纠结，不依附；按章服用，你将减少80%的拧巴！王潇、张萌、陈熠诚意推荐！）,2272,21,//img3m7.ddimg.cn/66/3/27871437-1_b_5.jpg,TRUE,0,0
 少有人走的路2：勇敢地面对谎言（白金升级版）,2274,18,//img3m7.ddimg.cn/18/20/29139777-1_b_14.jpg,TRUE,0,0
 你不能等到生活不再艰难了，才决定开始快乐（日子有毒，快乐是解药。徐多多2022唤醒之书，很多事没有来日方长，你要现在就快,2348,22,//img3m6.ddimg.cn/20/24/29400446-1_b_10.jpg,TRUE,0,0
 我在100天内自学英文翻转人生（3分钟掌握方法，3个星期卓见成效，3个月翻转人生）,2376,27.5,//img3m0.ddimg.cn/77/29/28494950-1_b_9.jpg,TRUE,0,0
 底层逻辑（ 畅销书作家+青年导师李尚龙、刘媛媛、张萌等鼓掌推荐，随书赠价值129元的“爆款写作课”）,2424,24,//img3m0.ddimg.cn/59/23/29297030-1_b_8.jpg,TRUE,0,0
 问题就是答案,2451,16,//img3m7.ddimg.cn/15/35/29361237-1_b_1700132894.jpg,TRUE,0,0
 成法（人生之师稻盛和夫，倾心传授指导自己取得成就的成事思维）,2517,27.5,//img3m5.ddimg.cn/94/12/29151535-1_b_13.jpg,TRUE,0,0
 愿你的青春不负梦想（2021全新修订版！梦想导师俞敏洪写给千万年轻人的诚意励志之作）,2640,34,//img3m2.ddimg.cn/8/7/29256092-1_b_10.jpg,TRUE,0,0
 永远不要停下前进的脚步 （百万粉丝教育名师石雷鹏励志作品，李尚龙监制并作序）,2661,21,//img3m1.ddimg.cn/61/21/29145661-1_b_17.jpg,TRUE,0,0
 这世界很烦，但你要很可爱（抵抗丧穷衰丑，生活给你的这些暗示你一定要懂）,2676,17.9,//img3m4.ddimg.cn/89/36/26914724-1_b_7.jpg,TRUE,0,0
 失落的致富经典：三大财富著作之一，西方广具影响力的成功励志经典,2737,12,//img3m3.ddimg.cn/64/11/25149133-1_b_3.jpg,TRUE,0,0
 马斯克的五种学习方法,2737,29,//img3m7.ddimg.cn/43/23/29510557-1_b_2.jpg,TRUE,0,0
 从内耗到心流：复杂时代下的熵减行动指南,2968,39.5,//img3m1.ddimg.cn/56/11/29510471-1_b_9.jpg,TRUE,0,0
 明天，我想重新喜欢上自己(停止精神内耗，重新喜欢自己。今日头条优质作者林夏萨摩新作，如果没能大器晚成，我也想要你快乐),3103,22,//img3m2.ddimg.cn/21/18/29317782-1_b_27.jpg,TRUE,0,0
 为什么精英都是时间控,3168,22.5,//img3m3.ddimg.cn/6/5/25230453-1_b_3.jpg,TRUE,0,0
 你一年的8760小时（升级版）,3264,19.9,//img3m9.ddimg.cn/65/9/23836889-1_b_19.jpg,TRUE,0,0
 你的知识需要管理,3278,12.5,//img3m7.ddimg.cn/98/29/20800097-1_b_2.jpg,TRUE,0,0
 越自律，越自由,3440,19.9,//img3m2.ddimg.cn/59/25/28550372-1_b_12.jpg,TRUE,0,0
 少有人走的路3：与心灵对话（白金升级版）,3493,18,//img3m9.ddimg.cn/20/22/29139779-1_b_12.jpg,TRUE,0,0
 你的自信，所向披靡： 精妙体系+深度案例+醒脑哲思，48个方法即刻引爆自信力,3639,22.4,//img3m8.ddimg.cn/72/36/29132208-1_b_11.jpg,TRUE,0,0
 认知税 为什么智商高的人也会做蠢事（你永远挣不到超出你认知范围的钱）,3668,19.6,//img3m8.ddimg.cn/24/7/29302638-1_b_69.jpg,TRUE,0,0
 你缺的不是努力，而是变现的能力：用准确努力撬动财富自由,3894,22.4,//img3m5.ddimg.cn/96/5/28991355-1_b_5.jpg,TRUE,0,0
 非暴力沟通亲子篇,4028,22.5,//img3m1.ddimg.cn/40/35/27881311-1_b_2.jpg,TRUE,0,0
 精进套装（全三册）,4110,82.7,//img3m6.ddimg.cn/65/19/29367326-1_b_6.jpg,TRUE,0,0
 极简自律：如何活出想要的人生,4134,29,//img3m9.ddimg.cn/13/4/29568739-1_b_4.jpg,TRUE,0,0
 高效成长：八力模型助你爆发式成长,4304,27.9,//img3m3.ddimg.cn/42/16/29666283-1_b_1704697894.jpg,TRUE,0,0
 全五册 商业破局+财富吸引力法则+底层逻辑+认知觉醒+复盘,4338,41.9,//img3m7.ddimg.cn/41/1/29665787-1_b_1702433258.jpg,TRUE,0,0
 目标的力量：从目标看格局，让境界定结局,4445,21.6,//img3m9.ddimg.cn/56/14/29178029-1_b_18.jpg,TRUE,0,0
 唤醒自己（让你时刻清醒着做出正确的决策。你不是不行，你只是没有看懂世界运转的规则。）,4594,24.9,//img3m8.ddimg.cn/60/4/29433948-1_b_8.jpg,TRUE,0,0
 别把这世界让给你鄙视的人（总有人用不善的方式来敲打我们，如果你还在因为怯懦、软弱而妥协，那你这一生注定会艰难孤独）,4652,23.7,//img3m1.ddimg.cn/12/30/29606061-1_b_1697697265.jpg,TRUE,0,0
 爆发式成长：个人突围的14个底层逻辑（职场最具价值TOP10公众号“栩先生”全新作品！）,4681,34.9,//img3m4.ddimg.cn/27/28/29450844-1_b_9.jpg,TRUE,0,0
 你的美貌不敌你的热闹,4707,17.9,//img3m5.ddimg.cn/85/0/24242215-1_b_8.jpg,TRUE,0,0
 底层逻辑,4853,24.9,//img3m0.ddimg.cn/9/13/29675160-1_b_1704447346.jpg,TRUE,0,0
 惊人的早起术（写给起床困难户的早起指南）,4983,27.5,//img3m2.ddimg.cn/65/2/29490482-1_b_9.jpg,TRUE,0,0
 高效PDCA工作术,5000,22.5,//img3m6.ddimg.cn/8/13/25243226-1_b_3.jpg,TRUE,0,0
 世界上最伟大的推销员（1968―2018五十周年珍藏纪念版）（精装）,5154,34,//img3m0.ddimg.cn/11/25/26440040-1_b_6.jpg,TRUE,0,0
 方与圆,5260,12,//img3m1.ddimg.cn/20/8/20710721-1_b_1693794123.jpg,TRUE,0,0
 三十岁，一切刚刚开始（李尚龙励志力作）,5421,24.9,//img3m9.ddimg.cn/75/2/28531479-1_b_10.jpg,TRUE,0,0
 一生的读书计划（新版）,5724,24.9,//img3m9.ddimg.cn/34/35/25223749-1_b_3.jpg,TRUE,0,0
 吸引力法则：神奇的个人磁场效应,5869,16,//img3m9.ddimg.cn/22/25/20301259-1_b_9.jpg,TRUE,0,0
 时间管理的奇迹：让硅谷团队效率倍增的“认知”和“行动”实践指南,5952,24.9,//img3m5.ddimg.cn/61/19/29386825-1_b_1698805788.jpg,TRUE,0,0
 别在吃苦的年纪选择安逸（所有的坚持都是一种不甘平凡，愿你的青春不负梦想。你走过的每一步都算数，你不努力，过不上你想要的生,6024,18,//img3m8.ddimg.cn/0/32/25240248-1_b_3.jpg,TRUE,0,0
 你越强大 世界越公平 青春成功励志类文学书籍,6280,6.5,//img3m7.ddimg.cn/71/33/29673737-1_b_1704265187.jpg,TRUE,0,0
 一夜长大（主持人尼格买提个人随笔集）,6350,34,//img3m1.ddimg.cn/54/34/29001411-1_b_7.jpg,TRUE,0,0
 少有人走的路8：寻找石头,6427,21,//img3m9.ddimg.cn/36/21/29138409-1_b_23.jpg,TRUE,0,0
 持续成长（百万销量作者李尚龙重磅新作，写给年轻人的高效成长利器）,6485,24.9,//img3m2.ddimg.cn/33/4/29456592-1_b_14.jpg,TRUE,0,0
 丛林法则（物竞天择，适者生存。“不舒适”才能成长）,6625,19.9,//img3m6.ddimg.cn/68/20/29172596-1_b_31.jpg,TRUE,0,0
 秘密：终极奥秘（《秘密》掀起世界 “吸引力法则”旋风后，时隔十余年再推“秘密”系列重磅新作，超豪华精装珍藏版。）,6722,34,//img3m7.ddimg.cn/15/32/29276097-1_b_13.jpg,TRUE,0,0
 潜意识的力量：影响人类进步的自励经典 “墨菲信托”授权修订版,6804,22.5,//img3m9.ddimg.cn/62/18/29675609-1_b_1704686364.jpg,TRUE,0,0
 深度思维,6996,24.9,//img3m4.ddimg.cn/68/19/29666804-1_b_1702546093.jpg,TRUE,0,0
 这世界很烦，但你要很可爱2.0版（写给女孩们的觉醒之书，Plus版抵抗丧穷衰丑。关于可爱的真相，你越早明白越好）,7022,23.7,//img3m3.ddimg.cn/59/29/29580863-1_b_1687948034.jpg,TRUE,0,0
 拥抱不完美――认回自己的故事疗愈之旅,7189,24.9,//img3m5.ddimg.cn/85/18/27866605-1_b_2.jpg,TRUE,0,0
 万特特“治愈之书”系列：这世界很烦但你要很可爱+这世界很好但你也不差 （治愈情绪顽疾，赋予万千女孩少女力，这世界就喜欢看,7316,39.9,//img3m5.ddimg.cn/51/16/29304645-1_b_4.jpg,TRUE,0,0
 糟糕，今天内耗又超标（人气心理励志作家梁爽重磅新作！随书附赠精美书签一张）,7805,24.5,//img3m2.ddimg.cn/76/2/29457922-1_b_15.jpg,TRUE,0,0
 自动自发全新修订版,8010,6.7,//img3m7.ddimg.cn/21/4/20599347-1_b_2.jpg,TRUE,0,0
 自律觉醒：当当专享签名版（全网1000万粉丝博主、凤凰卫视主持人、哈佛学霸打造成长飞轮与自律体系的7种能力和40个方法。,8169,29.9,//img3m3.ddimg.cn/49/13/29557093-1_b_3.jpg,TRUE,0,0
 做更好的自己：从优秀到卓越的十项精进 实现当下的力量 励志书籍成人正版 企业员工心灵励志激励前进书籍,8181,24.9,//img3m1.ddimg.cn/56/27/29500571-1_b_1695351849.jpg,TRUE,0,0
 空海与断舍离（稻盛和夫、曹岫云推荐）,8187,22.5,//img3m7.ddimg.cn/42/13/27925467-1_b_3.jpg,TRUE,0,0
 出众：不给自己的人生设限（当当专享签名版，中国公关大佬刘希平全新力作！刘同写序推荐！）,8346,27.5,//img3m7.ddimg.cn/9/30/29519037-1_b_4.jpg,TRUE,0,0
 最小阻力之路,8382,29.9,//img3m1.ddimg.cn/15/14/29234121-1_b_3.jpg,TRUE,0,0
 大器晚成：《福布斯》杂志发行人重磅作品（福布斯创始人力荐！书单、有书等媒体力荐！乾坤未定，你我皆黑马！）,8520,28,//img3m4.ddimg.cn/56/29/28999334-1_b_1691483418.jpg,TRUE,0,0
 神奇手账： 笔记本的正确使用方法 一本手账助你告别低效的工作效率和糟糕的生活琐碎,8634,24.9,//img3m7.ddimg.cn/34/12/29220577-1_b_18.jpg,TRUE,0,0
 小强升职记：时间管理故事书（升级版）,8644,24.5,//img3m3.ddimg.cn/24/26/29359563-1_b_4.jpg,TRUE,0,0
 乔丹、科比的成功法则：野蛮进化+野蛮进化2（套装2册）,8921,47.4,//img3m5.ddimg.cn/19/26/29448955-1_b_3.jpg,TRUE,0,0
 新100个基本：自我更新指南（2022版）,9075,34,//img3m7.ddimg.cn/64/1/29497807-1_b_2.jpg,TRUE,0,0
 高效是精简出来的：如何用20％的时间完成100％的事（48个高效做事的法则，让效率爆发式增长；终结低效努力，让你80％的,9080,24.9,//img3m6.ddimg.cn/14/22/29350346-1_b_7.jpg,TRUE,0,0
 全2册 破局：全面提升你的竞争力+重生还是重演如何成为一个厉害的高手 破局思维书底层逻辑正版全套掌握人生逆袭之路励志激励,9204,30.4,//img3m2.ddimg.cn/61/24/29659372-1_b_1701328911.jpg,TRUE,0,0
 心态制胜：重塑底层逻辑，打造赢者思维,9661,25,//img3m1.ddimg.cn/94/20/29666731-1_b_1703814242.jpg,TRUE,0,0
 讨好自己，婉拒一切不开心：足够自我，才足够快乐；尊重所有声音，但只成为自己。做个敢于说“不”的成年人。,10365,24.9,//img3m4.ddimg.cn/55/2/29617984-1_b_1697099168.jpg,TRUE,0,0
 方与圆全集(珍藏版),10450,29,//img3m5.ddimg.cn/26/11/25299575-1_b_2.jpg,TRUE,0,0
 活出不羁人生（《臣服实验》作者全新作品，当当专享赠送设计师排版中英金句小册子）,10561,35.4,//img3m0.ddimg.cn/8/30/29662190-1_b_1702261673.jpg,TRUE,0,0
 人生随时可以重来（如果你觉得“我……好像一辈子就这样了！”请读这本书！）,10634,27.5,//img3m5.ddimg.cn/63/14/28978155-1_b_1688529891.jpg,TRUE,0,0
 潜意识的力量2：创造财富和成功的秘诀,11218,16,//img3m9.ddimg.cn/74/27/28476929-1_b_13.jpg,TRUE,0,0
 职场的51个基本,11432,24.9,//img3m5.ddimg.cn/91/23/29467045-1_b_8.jpg,TRUE,0,0
 能量决定命运,12017,14.5,//img3m4.ddimg.cn/72/5/23632164-1_b_1.jpg,TRUE,0,0
 自律力（深度赋能版）:给不甘平庸者的高配人生法则,12076,29.9,//img3m5.ddimg.cn/96/12/29312115-1_b_1698893025.jpg,TRUE,0,0
 站着上北大（10周年纪念版）,12247,22.4,//img3m7.ddimg.cn/71/3/29445047-1_b_6.jpg,TRUE,0,0
 每一天梦想练习,12463,21.4,//img3m9.ddimg.cn/92/35/25265189-1_b_8.jpg,TRUE,0,0
 抗逆力（如何应对生活中的坏事件）,12964,16.3,//img3m5.ddimg.cn/24/3/27854565-1_b_4.jpg,TRUE,0,0
 好运气制造手册：从碰运气到造运气,13394,34,//img3m3.ddimg.cn/80/29/29581973-1_b_1692164048.jpg,TRUE,0,0
 靠谱,13396,18,//img3m1.ddimg.cn/95/14/25071251-1_b_13.jpg,TRUE,0,0
 科学验证的改运法：天才脑科学家的洞见之作，吸引力法则的实践版,13649,17.5,//img3m9.ddimg.cn/91/9/25338349-1_b_16.jpg,TRUE,0,0
 单身力（有人一把好牌打得稀烂，有人收割大把人生和爱情。女人的世界只有两场大戏――恋爱脑的完败和单身力的逆袭）,13926,24.9,//img3m8.ddimg.cn/45/22/29216628-1_b_18.jpg,TRUE,0,0
 体验派人生（亲签版）李安、迪丽热巴倡导的生活方式，重启这乱七八糟的生活,14123,27.5,//img3m0.ddimg.cn/21/7/29515980-1_b_39.jpg,TRUE,0,0
 全3册 变通受用一生的学问+每天懂一点人情世故+办事的艺术 应酬沟通智慧高情商聊天术 人情世故的哲学书籍,14156,49.7,//img3m2.ddimg.cn/57/30/29581752-1_b_1.jpg,TRUE,0,0
 极简时间管理――土豆、番茄和小明的七次对话,14654,19.9,//img3m7.ddimg.cn/53/24/29658077-1_b_1704252958.jpg,TRUE,0,0
 心悦读丛书・上行：可复制的突围之道（尚未出版，已预订10万册 《认知突围》作者、百万级畅销作家蔡垒磊 励志新作）,14826,24.9,//img3m4.ddimg.cn/59/35/29337224-1_b_18.jpg,TRUE,0,0
 我们为什么要上学(美国总统奥巴马倾情推荐畅销书 《假如给我三天光明》姊妹篇 影响美国人的16本书之一 亚马逊书店五星级图,15301,12.8,//img3m7.ddimg.cn/23/9/23380457-1_b_2.jpg,TRUE,0,0
 清单思维：将生活琐事“化零为整”的高效时间管理手册,15412,20.1,//img3m5.ddimg.cn/48/10/29552835-1_b_2.jpg,TRUE,0,0
 10倍速成长：如何高效超越同龄人（当当专享签名版，畅销书作家、一亿粉丝操盘手吕白，倍速成长的经验全分享！）,15499,29,//img3m5.ddimg.cn/50/21/29354045-1_b_7.jpg,TRUE,0,0
 再试一次就成功：被拒绝的勇气（华语心灵导师刘墉写给年轻一代的情绪管理指南。）,15691,15,//img3m5.ddimg.cn/8/8/29373605-1_b_9.jpg,TRUE,0,0
 熵增定律（喜欢自己，拥有被讨厌的勇气）,15830,20.2,//img3m5.ddimg.cn/31/31/29553115-1_b_1.jpg,TRUE,0,0
 你在为谁工作,16287,7.3,//img3m5.ddimg.cn/61/25/27908755-1_b_7.jpg,TRUE,0,0
 细节决定成败（白金版）,17360,24,//img3m7.ddimg.cn/2/31/29620307-1_b_1693556999.jpg,TRUE,0,1
 奇迹公式：每一天都创造奇迹，让你的目标从“可能实现”到“必然成真”,17831,29.9,//img3m6.ddimg.cn/61/1/29487706-1_b_1698805783.jpg,TRUE,0,1
 羊皮卷 插图珍藏版,17909,21.4,//img3m7.ddimg.cn/12/19/25320747-1_b_2.jpg,TRUE,0,1
 你本天生有翼，何须匍匐前行,17913,10.5,//img3m3.ddimg.cn/92/36/27899183-1_b_6.jpg,TRUE,0,1
 聪明人都下笨功夫 愚蠢人只想走捷径（人民日报推荐）,17986,22.4,//img3m6.ddimg.cn/85/9/28515946-1_b_10.jpg,TRUE,0,1
 你不努力，谁也给不了你想要的生活,18406,23,//img3m4.ddimg.cn/10/31/29196694-1_b_1688024146.jpg,TRUE,0,1
 致加西亚的信（收录姐妹篇《自动自发》，附赠职业性格测试）,18589,12.6,//img3m9.ddimg.cn/19/28/23698639-1_b_12.jpg,TRUE,0,1
 精进2：解锁万物的心智进化法（采铜新作！）,18954,26.4,//img3m7.ddimg.cn/37/25/27864577-1_b_8.jpg,TRUE,0,1
 超级行动力,19005,9.8,//img3m6.ddimg.cn/42/4/28486896-1_b_4.jpg,TRUE,0,1
 弹性生长 （九边帮你洞悉择业、房价、科技、经济变化趋势。在不确定时代，做懂应变、知进退的明白人！）,19020,39.9,//img3m9.ddimg.cn/13/36/29658829-1_b_1702962819.jpg,TRUE,0,1
 戒了吧！拖延症：21天搞定拖延症（升级版）,19155,16.4,//img3m0.ddimg.cn/51/24/23823510-1_b_10.jpg,TRUE,0,1
 吉田医生时间管理法,20164,21,//img3m4.ddimg.cn/47/34/29248904-1_b_24.jpg,TRUE,0,1
 我哪懂什么坚持，全靠死撑,20824,18,//img3m9.ddimg.cn/83/4/24016889-1_b_7.jpg,TRUE,0,1
 超级时间倍增术：怎样把1小时花出10小时的效果（有效解决“时间不够用”难题！美国银行、摩根士丹利、联合健康保险公司、玫琳,21178,16,//img3m7.ddimg.cn/14/13/23809217-1_b_1698907230.jpg,TRUE,0,1
 吃掉那只青蛙套装（吃掉那只青蛙+吃掉那只青蛙2）,21511,49,//img3m8.ddimg.cn/64/8/29331388-1_b_2.jpg,TRUE,0,1
 【正版・全５册】致奋斗者-你不努力谁也给不了你想要的生活+将来的你一定感谢现在拼命的自己+余生很贵，请勿浪费+别在吃苦的,22053,25.5,//img3m4.ddimg.cn/85/25/27905314-1_b_9.jpg,TRUE,0,1
 你的努力，要配得上你的野心（李尚龙2018全新作品！）,22106,22.5,//img3m2.ddimg.cn/77/14/25336652-1_b_12.jpg,TRUE,0,1
 365日创意文案 ：一日一创意，给平凡日常的礼物（日本年度热销书，3月连续加印5次，让松浦弥太郎受益匪浅，人气节目《国王,22811,39.6,//img3m0.ddimg.cn/92/33/29129060-1_b_10.jpg,TRUE,0,1
 我也曾像你一样迷茫过（随机亲笔签名，售完即止。百万粉丝大V海边的西塞罗陪你聊聊在人生暗淡无光、迷茫无助的时刻，该如何找回,22886,24.9,//img3m6.ddimg.cn/62/6/29514536-1_b_4.jpg,TRUE,0,1
 学会专注创造生命的奇迹：身心灵疗愈畅销经典，身心灵疗愈大师希克斯夫妇教你学会专注 心想事成,23116,14.4,//img3m0.ddimg.cn/77/10/23694440-1_b_1687939726.jpg,TRUE,0,1
 新新100个基本（爱具体的人，做具体的事。百万年轻人的精神导师松浦弥太郎，带你走出这一刻的焦虑，收获幸福的100件小事！,23346,34,//img3m3.ddimg.cn/25/16/29546773-1_b_1.jpg,TRUE,0,1
 她能量:破除性别刻板印象，活出自己的气场,23634,22.5,//img3m0.ddimg.cn/77/24/29427530-1_b_1705476020.jpg,TRUE,0,1
 天赋觉醒：创造不一样的人生,25482,9.8,//img3m2.ddimg.cn/36/4/26913582-1_b_13.jpg,TRUE,0,1
 头脑的博弈：破圈开悟的胜者思维！找到成事的强者路径。走不出思维的束缚，到哪里都是生活的囚徒。,26197,22.4,//img3m2.ddimg.cn/45/13/29649852-1_b_1702263267.jpg,TRUE,0,1
 引爆执行力：16项高效技能加身，一站式持续增值,26580,22.4,//img3m4.ddimg.cn/25/1/28524004-1_b_11.jpg,TRUE,0,1
 唤醒沉睡的天才,27894,29.9,//img3m3.ddimg.cn/20/32/27926633-1_b_3.jpg,TRUE,0,1
 创办你的企业,29446,9.3,//img3m8.ddimg.cn/74/18/29661068-1_b_1701509166.jpg,TRUE,0,1
 刻意练习：如何从新手到大师,30270,29.5,//img3m8.ddimg.cn/1/21/29233018-1_b_24.jpg,TRUE,0,1
 时间管理系列：早起的奇迹+睡眠解决方案（套装共2册）,30296,44.8,//img3m5.ddimg.cn/71/20/28472075-1_b_1698891166.jpg,TRUE,0,1
 相信 蔡磊作品 用信念与坚持面对生活的每一个意外与绝望,30863,39,//img3m1.ddimg.cn/81/13/29547621-1_b_2.jpg,TRUE,0,1
 佐藤大：超快速工作法,32071,24.5,//img3m6.ddimg.cn/83/31/25219046-1_b_2.jpg,TRUE,0,1
 彼岸风景（俞敏洪2019全新作品）,34426,29,//img3m7.ddimg.cn/84/24/28484067-1_b_3.jpg,TRUE,0,1
 将来的你，一定会感谢现在拼命的自己,36582,9.8,//img3m6.ddimg.cn/21/10/23491236-1_b_1.jpg,TRUE,0,1
 人生模式――识别并优化你的核心认知,37415,34,//img3m7.ddimg.cn/87/35/29574357-1_b_1.jpg,TRUE,0,1
 责任胜于能力,38231,7.3,//img3m3.ddimg.cn/11/25/27908903-1_b_5.jpg,TRUE,0,1
 极简主义,38466,7,//img3m9.ddimg.cn/15/0/29383809-1_b_1.jpg,TRUE,0,1
 精进3：找到你的潜在生态位,38992,29.9,//img3m1.ddimg.cn/77/11/29365061-1_b_5.jpg,TRUE,0,1
 转化生命的对话：ICF新版核心能力详解,39461,29.9,//img3m6.ddimg.cn/20/22/29575676-1_b_2.jpg,TRUE,0,1
 卓越密码：如何成为专家,39482,24.9,//img3m2.ddimg.cn/3/19/25239162-1_b_6.jpg,TRUE,0,1
 极简思维：颠覆传统思维模式的极简法则,40652,20.2,//img3m4.ddimg.cn/58/23/25583044-1_b_5.jpg,TRUE,0,1
 原因与结果的法则Ⅰ：一个男人的沉思,42028,24,//img3m2.ddimg.cn/43/3/29339782-1_b_5.jpg,TRUE,0,1
 有钱人和你想的不一样（时光新文库系列）换掉穷人思维，换一个不一样的人生,42926,13,//img3m5.ddimg.cn/59/28/25342475-1_b_3.jpg,TRUE,0,1
 每天活用黄金1小时（哈佛MBA实践20年的自我训练大公开，以掌握自我管理的底层逻辑，创造自我加速成长的奇迹）,44683,27.5,//img3m1.ddimg.cn/62/9/29617991-1_b_1694152571.jpg,TRUE,0,1
 连我都不知道自己想要什么的时候（韩国超级畅销书，长期稳居各大书店畅销榜首，被韩国zui大图书网站YES24推荐为“zui,44881,24,//img3m2.ddimg.cn/53/26/29244752-1_b_9.jpg,TRUE,0,1
 当你自律自控，才能又飒又爽 （ 每一个又美又飒的女人都在看，梁爽全新作品！）,48484,24.5,//img3m8.ddimg.cn/47/25/29205938-1_b_6229.jpg,TRUE,0,1
 入口的东西和爱的人，要心花怒放才行（人生所求，不过饱餐与被爱。柒先生2022全新力作，有幸遇见，我们一起向前）,50679,22,//img3m4.ddimg.cn/18/22/29400444-1_b_17.jpg,TRUE,0,1
 早起的力量,54894,24.7,//img3m8.ddimg.cn/89/33/29422988-1_b_3.jpg,TRUE,0,2
 闭嘴，我只想做自己,78598,29,//img3m9.ddimg.cn/16/24/28973059-1_b_14.jpg,TRUE,0,2
 会赚钱的妈妈,78788,19.9,//img3m3.ddimg.cn/81/11/25268643-1_b_7.jpg,TRUE,0,2
 实用口才大全：祝酒词 应酬语 场面话,79388,17.9,//img3m3.ddimg.cn/12/18/25214223-1_b_1.jpg,TRUE,0,2
 细节决定成败Ⅱ,89097,19,//img3m2.ddimg.cn/17/9/29620322-1_b_1693560969.jpg,TRUE,0,3
 野蛮进化2：赢家法则,94667,29.9,//img3m3.ddimg.cn/21/16/29445393-1_b_1698815267.jpg,TRUE,0,3
 做一个能扛事的成年人（畅销书“生活需要仪式感”系列李思圆励志新作）,99808,23,//img3m6.ddimg.cn/97/35/29289346-1_b_1699595713.jpg,TRUE,0,3
 把信送给加西亚,100441,9,//img3m5.ddimg.cn/29/4/23205035-1_b_3.jpg,TRUE,0,3
 世间大雨滂沱，你要藏好软弱+二次成长（套装全2册）：总有一种力量让我们勇敢前行。如果人生可以重来，我们该如何长大？B站人,107725,32.3,//img3m6.ddimg.cn/41/17/29556986-1_b_1.jpg,TRUE,0,3
 商务礼仪解剖图鉴（图解式的商务礼仪，更简单、更轻松！助你的职场生活游刃有余！）,114695,24,//img3m8.ddimg.cn/40/0/25248208-1_b_18.jpg,TRUE,0,3
 老杨的猫头鹰“醒脑之书”系列：最怕你一生碌碌无为，还安慰自己平凡可贵+姑娘，脱贫比脱单更重要+好看的皮囊千篇一律，有趣的,115161,52.9,//img3m9.ddimg.cn/86/15/25180439-1_b_5.jpg,TRUE,0,3
 自律高手：不靠意志也能培养的自控力,129702,34.5,//img3m9.ddimg.cn/5/8/29564969-1_b_3.jpg,TRUE,0,4
 自控,134850,18,//img3m5.ddimg.cn/43/19/26183365-1_b_3.jpg,TRUE,0,4
 毅力（哈佛商学院教授手把手教你无负担自我管理，随书附赠：全球高效能人士求购的“推荐阅读”书单）,140615,24,//img3m2.ddimg.cn/47/29/29251082-1_b_6.jpg,TRUE,0,4
 “蓄势向上・持续学习”系列：知道做到自学的科学+知道做到快速获取新技能的科学（套装2册）,159063,59.8,//img3m1.ddimg.cn/59/9/29450381-1_b_1698907131.jpg,TRUE,0,5
 极简生活：简单生活的行动指南,166893,24.7,//img3m1.ddimg.cn/69/25/29510781-1_b_1.jpg,TRUE,0,5
 指数级成长：从默默无闻到出类拔萃的五大行动法则（樊登、《终身成长》推崇的成长型思维）,170255,9.8,//img3m1.ddimg.cn/59/29/28540571-1_b_3.jpg,TRUE,0,5
 秘密全集：世界上神奇的潜能开发训练,177205,21.6,//img3m6.ddimg.cn/91/16/29464966-1_b_4.jpg,TRUE,0,5
 效率人生（告诉你如何迅速抵达人生的目标）,183437,24,//img3m0.ddimg.cn/51/2/29267520-1_b_29.jpg,TRUE,0,5
 成长比成功更重要 增订本（凌志军畅销励志经典，李开复作序推荐：成长之路上的坚实阶梯！）,387785,29,//img3m0.ddimg.cn/58/36/29488000-1_b_2.jpg,FALSE,1,11
 对不起，我不活在你给我的人设里,434185,21,//img3m9.ddimg.cn/81/28/28530099-1_b_15.jpg,FALSE,1,13
 深度思考：让所有事情都能正确入手,455377,22.5,//img3m0.ddimg.cn/34/4/25859230-1_b_17.jpg,FALSE,1,13
 最是人间留不住,560754,16.2,//img3m1.ddimg.cn/39/36/23958831-1_b_18.jpg,FALSE,1,16
 你有多凶猛，世界就有多软弱（如何在残酷的世界里，成为一个剽悍的人）,794664,15.5,//img3m0.ddimg.cn/20/0/25305410-1_b_7.jpg,FALSE,1,23
 知道做到自学的科学：任何学科都能很快学会，更少时间掌握更多的妙手学习法,797538,29.9,//img3m1.ddimg.cn/69/19/29450391-1_b_1698809080.jpg,FALSE,1,23
 成功方程式：以马斯洛需求层次理论破解“经营之圣”稻盛和夫的成功之道，逐个击破人生难题,848340,23.5,//img3m8.ddimg.cn/8/14/29620808-1_b_1696928514.jpg,FALSE,1,25
平均值,34557.268,24.7364,,可能买流量的比例,0.292,
中位数,5910.5,24,,,,
差值,28646.768,,,,,
